N,T,Time_Opt,GFLOPS_Opt,Time_Base,Speedup
512,1,.032813,8.181093,.133333,4.0634
512,2,.018982,14.187197,.156666,8.2533
512,4,.014655,18.502920,.210000,14.3295
